{
  "run_id": "6f8dba9919494515a482265aa940ab5d",
  "perplexity_final": 3.4624029256001223,
  "perplexity_improvement": 919.9609562768609,
  "training_time_seconds": 15.25327205657959
}